ï»¿Position,Angle,Speed,HIC15,HIC36,HIC15 class,HIC36 class,DAB,CAB
1,0,20,39.27,69.82,0,0,No,Recommended
1,15,20,21.51,38.19,0,0,No,Recommended
1,30,20,7.413,14.05,0,0,No,No
1,45,20,5.721,10.38,0,0,No,Recommended
1,60,20,5.721,7.24,0,0,No,Recommended
1,75,20,5.721,5.721,0,0,No,Recommended
1,-15,20,15.38,32,0,0,No,Recommended
1,-30,20,14.54,24.37,0,0,No,Recommended
1,-45,20,5.721,12.02,0,0,No,No
1,-60,20,5.721,5.933,0,0,No,No
1,-75,20,5.72,6.432,0,0,No,No
2,0,20,24.52,35.08,0,0,No,Recommended
2,15,20,18.17,34.77,0,0,No,Recommended
2,30,20,8.456,18.12,0,0,No,Recommended
2,45,20,6.085,13.49,0,0,No,Recommended
2,60,20,5.721,8.604,0,0,No,Recommended
2,75,20,5.725,5.879,0,0,No,Recommended
2,-15,20,16.77,28.12,0,0,No,Recommended
2,-30,20,5.721,11.21,0,0,No,Recommended
2,-45,20,5.723,6.419,0,0,No,No
2,-60,20,5.721,5.897,0,0,No,No
2,-75,20,5.721,7.67,0,0,No,No
3,0,20,26.45,39.13,0,0,No,Recommended
3,15,20,7.56,15,0,0,No,Recommended
3,30,20,7.489,15.82,0,0,No,Recommended
3,45,20,8.928,15.46,0,0,No,Recommended
3,60,20,5.721,9.479,0,0,No,Recommended
3,75,20,5.721,5.721,0,0,No,Recommended
3,-15,20,12.78,24.08,0,0,No,Recommended
3,-30,20,5.72,11.49,0,0,No,No
3,-45,20,5.72,8.473,0,0,No,No
3,-60,20,5.721,7.988,0,0,No,No
3,-75,20,5.721,7.631,0,0,No,No
4,0,20,5.721,11.14,0,0,No,Recommended
4,15,20,24.48,35.54,0,0,No,Recommended
4,30,20,8.569,17.13,0,0,No,Recommended
4,45,20,5.721,10.44,0,0,No,Recommended
4,60,20,118.2,184.5,0,0,No,Recommended
4,75,20,67.53,67.53,0,0,No,Recommended
4,-15,20,5.721,9.845,0,0,No,Recommended
4,-30,20,7.339,15.64,0,0,No,No
4,-45,20,5.721,8.349,0,0,No,No
4,-60,20,5.723,8.412,0,0,No,No
4,-75,20,5.721,8.439,0,0,No,No
5,0,20,28.03,48.99,0,0,No,Recommended
5,15,20,9.834,20.33,0,0,No,Recommended
5,30,20,12.67,21.88,0,0,No,Recommended
5,45,20,33.42,33.42,0,0,No,Recommended
5,60,20,5.721,10.67,0,0,No,Recommended
5,75,20,90.34,132.5,0,0,No,Recommended
5,-15,20,7.584,16.42,0,0,No,Recommended
5,-30,20,5.721,5.867,0,0,No,Recommended
5,-45,20,6.633,12.14,0,0,No,No
5,-60,20,5.721,11.04,0,0,No,No
6,0,20,80.75,80.75,0,0,No,Recommended
6,15,20,45.5,77.59,0,0,No,Recommended
6,30,20,190.1,190.1,0,0,No,Recommended
6,45,20,70.17,70.17,0,0,No,Recommended
6,60,20,684.4,684.4,3,1,No,Must
6,75,20,14.03,17.11,0,0,No,Recommended
6,-15,20,9.394,17,0,0,No,Recommended
6,-30,20,6.241,12.67,0,0,No,Recommended
6,-45,20,5.72,12.17,0,0,No,Recommended
7,0,20,60.08,89.28,0,0,No,Recommended
7,15,20,30.72,30.72,0,0,No,Recommended
7,30,20,98.42,119.5,0,0,No,Recommended
7,45,20,301.7,301.7,0,0,No,Recommended
7,60,20,953.7,953.7,4,3,No,Must
7,75,20,407.9,407.9,0,0,No,Recommended
7,-15,20,38.64,42.3,0,0,No,Recommended
7,-30,20,5.721,8.059,0,0,No,Recommended
-2,0,20,17.99,31.52,0,0,No,Recommended
-2,15,20,17.51,27.14,0,0,No,Recommended
-2,30,20,7.081,14.27,0,0,No,Recommended
-2,45,20,8.064,16.05,0,0,No,Recommended
-2,60,20,5.721,9.093,0,0,No,No
-2,75,20,5.721,5.721,0,0,No,No
-2,-15,20,15.99,29.84,0,0,No,No
-2,-30,20,9.138,17.09,0,0,No,Recommended
-2,-45,20,5.721,7.055,0,0,No,No
-2,-60,20,5.725,5.725,0,0,No,Recommended
-2,-75,20,5.721,5.721,0,0,No,Recommended
-3,0,20,19.53,38.33,0,0,No,Recommended
-3,15,20,8.077,15.64,0,0,No,Recommended
-3,30,20,7.368,16.45,0,0,No,No
-3,45,20,5.721,9.543,0,0,No,No
-3,60,20,5.915,10.44,0,0,No,No
-3,75,20,5.721,7.841,0,0,No,No
-3,-15,20,20,39.28,0,0,No,Recommended
-3,-30,20,5.721,5.721,0,0,No,Recommended
-3,-45,20,5.721,5.721,0,0,No,Recommended
-3,-60,20,5.721,5.721,0,0,No,Recommended
-3,-75,20,5.721,5.721,0,0,No,Recommended
-4,0,20,14.94,31.18,0,0,No,No
-4,15,20,9.431,18.34,0,0,No,No
-4,30,20,7.887,15.67,0,0,No,No
-4,45,20,5.721,9.143,0,0,No,No
-4,60,20,5.721,9.139,0,0,No,No
-4,75,20,5.721,6.662,0,0,No,No
-4,-15,20,6.334,12.08,0,0,No,No
-4,-30,20,5.721,6.054,0,0,No,No
-4,-45,20,5.721,5.721,0,0,No,Recommended
-4,-60,20,5.721,5.721,0,0,No,Recommended
-4,-75,20,5.721,5.721,0,0,No,Recommended
-5,0,20,5.721,10.77,0,0,No,No
-5,15,20,12.8,22.31,0,0,No,No
-5,30,20,9.018,16.57,0,0,No,No
-5,45,20,5.721,9.248,0,0,No,No
-5,60,20,5.721,8.811,0,0,No,No
-5,75,20,5.721,6.625,0,0,No,No
-5,-15,20,5.721,6.669,0,0,No,No
-5,-30,20,5.721,5.721,0,0,No,No
-5,-45,20,5.721,6.993,0,0,No,No
-5,-60,20,5.721,5.721,0,0,No,No
-6,0,20,5.725,5.725,0,0,No,No
-6,15,20,5.721,10.7,0,0,No,No
-6,30,20,8.855,16.96,0,0,No,No
-6,45,20,5.721,8.848,0,0,No,No
-6,60,20,5.721,5.721,0,0,No,No
-6,75,20,5.721,7.974,0,0,No,No
-6,-15,20,5.721,5.721,0,0,No,No
-6,-30,20,5.721,5.721,0,0,No,No
-6,-45,20,5.725,5.725,0,0,No,No
-7,0,20,5.725,8.425,0,0,No,No
-7,15,20,5.721,5.721,0,0,No,No
-7,30,20,5.721,8.776,0,0,No,No
-7,45,20,5.721,9.789,0,0,No,No
-7,60,20,5.721,5.854,0,0,No,No
-7,75,20,5.721,5.721,0,0,No,No
-7,-15,20,5.721,5.721,0,0,No,No
-7,-30,20,5.725,5.725,0,0,No,No
1,0,30,130.6,198.4,0,0,Recommended,Recommended
1,15,30,91.72,181.9,0,0,No,Recommended
1,30,30,46.36,90.36,0,0,No,Recommended
1,45,30,21.74,44.16,0,0,No,Recommended
1,60,30,17.51,35.04,0,0,No,Recommended
1,75,30,92.28,92.28,0,0,No,Recommended
1,-15,30,60.65,133.6,0,0,No,No
1,-30,30,52.95,87.26,0,0,No,Recommended
1,-45,30,31.11,57.09,0,0,No,Recommended
1,-60,30,16.57,32.36,0,0,No,No
1,-75,30,11.75,17.59,0,0,No,No
2,0,30,94.67,193.4,0,0,Recommended,Recommended
2,15,30,74.68,144.5,0,0,No,Recommended
2,30,30,90.64,125.7,0,0,No,Recommended
2,45,30,102,145.8,0,0,No,Recommended
2,60,30,62.65,62.65,0,0,No,Recommended
2,75,30,52.15,52.15,0,0,No,Recommended
2,-15,30,70.68,139.1,0,0,Recommended,Recommended
2,-30,30,39.19,76.45,0,0,No,Recommended
2,-45,30,37.49,54.7,0,0,No,No
2,-60,30,28.97,45.05,0,0,No,Recommended
2,-75,30,10.43,17.73,0,0,No,No
3,0,30,100.1,212.9,0,0,Recommended,No
3,15,30,58.85,112.3,0,0,No,Recommended
3,30,30,527.6,582.3,1,0,No,Recommended
3,45,30,253.2,363.5,0,0,No,Recommended
3,60,30,49.65,49.65,0,0,No,Recommended
3,75,30,35.29,35.29,0,0,No,Recommended
3,-15,30,91.63,117.4,0,0,No,Recommended
3,-30,30,59.13,81.96,0,0,No,Recommended
3,-45,30,41.34,59.87,0,0,No,No
3,-60,30,17.88,33.45,0,0,No,No
3,-75,30,13.85,20.06,0,0,No,No
4,0,30,78.34,101.9,0,0,No,Recommended
4,15,30,70.53,125.8,0,0,No,Recommended
4,30,30,141.4,178,0,0,No,Recommended
4,45,30,256.9,432.2,0,0,No,Recommended
4,60,30,16.83,24.4,0,0,No,Recommended
4,75,30,43.09,43.09,0,0,No,Recommended
4,-15,30,55.89,91.35,0,0,No,Recommended
4,-30,30,60.3,95.28,0,0,No,Recommended
4,-45,30,32.14,59.59,0,0,No,No
4,-60,30,21.51,36.75,0,0,No,No
4,-75,30,17.15,24.37,0,0,No,No
5,0,30,101.7,116.3,0,0,No,Recommended
5,15,30,76.65,130.2,0,0,No,Recommended
5,30,30,60.33,122.9,0,0,No,Recommended
5,45,30,29.31,55.53,0,0,No,Recommended
5,60,30,34.73,42.47,0,0,No,Recommended
5,75,30,58.89,58.89,0,0,No,Recommended
5,-15,30,19.57,37.51,0,0,No,Recommended
5,-30,30,24.57,40.82,0,0,No,Recommended
5,-45,30,36.21,48.25,0,0,No,Recommended
5,-60,30,26.08,41.58,0,0,No,Recommended
6,0,30,70.49,88.29,0,0,No,Recommended
6,15,30,74.38,129.4,0,0,No,Recommended
6,30,30,43.67,96.74,0,0,No,Recommended
6,45,30,1266,1266,4,4,No,Must
6,60,30,2425,2425,4,4,No,Must
6,75,30,39.28,49.69,0,0,No,Recommended
6,-15,30,94.36,94.36,0,0,No,Recommended
6,-30,30,28.08,58.87,0,0,No,No
6,-45,30,8.302,17.61,0,0,No,Recommended
7,0,30,320.9,320.9,0,0,No,Recommended
7,15,30,196.2,196.5,0,0,No,Recommended
7,30,30,132,183,0,0,No,Recommended
7,45,30,485.7,485.7,0,0,No,Recommended
7,60,30,1467,1467,4,4,No,Must
7,75,30,2764,2764,4,4,No,Must
7,-15,30,23.69,52.37,0,0,No,Recommended
7,-30,30,7.337,16.63,0,0,No,Recommended
-2,0,30,117.4,203.2,0,0,Recommended,No
-2,15,30,99.3,153.1,0,0,Recommended,Recommended
-2,30,30,45.54,79.21,0,0,No,No
-2,45,30,24.32,50.19,0,0,No,No
-2,60,30,14.65,24.53,0,0,No,No
-2,75,30,10.4,17.45,0,0,No,No
-2,-15,30,76.94,152.3,0,0,No,No
-2,-30,30,53.46,83.46,0,0,No,Recommended
-2,-45,30,15.54,27.16,0,0,No,Recommended
-2,-60,30,9.767,18.49,0,0,No,Recommended
-2,-75,30,5.918,12.3,0,0,No,Recommended
-3,0,30,99.96,169.8,0,0,Recommended,No
-3,15,30,49.86,92.71,0,0,No,No
-3,30,30,67.19,101.3,0,0,No,No
-3,45,30,32.68,58.69,0,0,No,No
-3,60,30,15.78,32.18,0,0,No,No
-3,75,30,14.98,26.43,0,0,No,No
-3,-15,30,40.34,85.7,0,0,No,No
-3,-30,30,27.11,44.38,0,0,No,No
-3,-45,30,13.28,23.35,0,0,No,Recommended
-3,-60,30,7.066,13.89,0,0,No,Recommended
-3,-75,30,11.7,13.58,0,0,No,Recommended
-4,0,30,64.61,103.1,0,0,No,No
-4,15,30,54.94,105.3,0,0,Recommended,No
-4,30,30,70.45,106.1,0,0,No,No
-4,45,30,28.77,54.8,0,0,No,No
-4,60,30,20.71,34.93,0,0,No,No
-4,75,30,51.82,53.46,0,0,No,No
-4,-15,30,37.35,65.78,0,0,No,No
-4,-30,30,11.79,23.09,0,0,No,Recommended
-4,-45,30,12.56,24.3,0,0,No,Recommended
-4,-60,30,6.203,13.29,0,0,No,Recommended
-4,-75,30,5.759,9.946,0,0,No,Recommended
-5,0,30,16.87,36.3,0,0,No,No
-5,15,30,36.42,69.1,0,0,No,No
-5,30,30,29.85,53.47,0,0,No,No
-5,45,30,21.42,42.7,0,0,No,No
-5,60,30,16.61,29.87,0,0,No,No
-5,75,30,10.2,18.88,0,0,No,No
-5,-15,30,8.473,16.29,0,0,No,No
-5,-30,30,7.435,15,0,0,No,No
-5,-45,30,24.54,41.3,0,0,No,Recommended
-5,-60,30,6.556,14.38,0,0,No,Recommended
-6,0,30,11.69,20.42,0,0,No,No
-6,15,30,16.17,33.43,0,0,No,No
-6,30,30,27.02,40.46,0,0,No,No
-6,45,30,14.38,26.74,0,0,No,No
-6,60,30,7.385,14.29,0,0,No,No
-6,75,30,13.63,23.65,0,0,No,No
-6,-15,30,14.94,27.12,0,0,No,No
-6,-30,30,5.752,9.857,0,0,No,No
-6,-45,30,6.968,12.66,0,0,No,No
-7,0,30,34.13,71.91,0,0,No,No
-7,15,30,7.699,17.33,0,0,No,No
-7,30,30,8.349,18.97,0,0,No,No
-7,45,30,11.79,21.7,0,0,No,No
-7,60,30,7.276,14.75,0,0,No,No
-7,75,30,5.752,8.937,0,0,No,No
-7,-15,30,5.752,12.55,0,0,No,No
-7,-30,30,5.77,5.866,0,0,No,No
1,0,40,3560,3568,4,4,Must,No
1,15,40,2282,2285,4,4,Must,No
1,30,40,755.2,755.2,4,1,Must,Must
1,45,40,144.1,197.7,0,0,No,Recommended
1,60,40,36.14,74.38,0,0,No,Recommended
1,75,40,89.14,117.4,0,0,No,Recommended
1,-15,40,3458,3458,4,4,Must,No
1,-30,40,2065,2065,4,4,Must,No
1,-45,40,131.5,170.5,0,0,Recommended,No
1,-60,40,53.82,106.6,0,0,No,No
1,-75,40,28.46,60.08,0,0,No,No
2,0,40,6076,6076,4,4,Must,Must
2,15,40,3368,3368,4,4,Must,No
2,30,40,319.7,441.3,0,0,Recommended,Recommended
2,45,40,97.17,145.5,0,0,No,Recommended
2,60,40,105.5,149.9,0,0,No,Recommended
2,75,40,62.26,67.46,0,0,No,Recommended
2,-15,40,3825,3825,4,4,Must,No
2,-30,40,129.2,213.3,0,0,Recommended,Recommended
2,-45,40,90.96,170.1,0,0,Recommended,No
2,-60,40,64.68,130.7,0,0,No,No
2,-75,40,34.35,70.9,0,0,No,No
3,0,40,4541,4541,4,4,Must,Must
3,15,40,1629,1629,4,4,Must,No
3,30,40,1842,1842,4,4,Must,Must
3,45,40,389.1,604.2,0,0,No,Recommended
3,60,40,217.1,217.1,0,0,No,Recommended
3,75,40,88.94,88.94,0,0,No,Recommended
3,-15,40,179.1,326,0,0,Recommended,Recommended
3,-30,40,959.2,959.2,4,3,Must,Must
3,-45,40,87.59,174.1,0,0,Recommended,No
3,-60,40,75.95,126,0,0,No,No
3,-75,40,33.59,66.99,0,0,No,No
4,0,40,584.3,584.3,2,0,Recommended,Recommended
4,15,40,776.2,776.2,4,2,Must,Must
4,30,40,246.5,359.9,0,0,Recommended,Recommended
4,45,40,154.6,254.6,0,0,No,Recommended
4,60,40,137.7,248.5,0,0,No,Recommended
4,75,40,112.8,175.3,0,0,No,Recommended
4,-15,40,101.8,210.4,0,0,Recommended,Recommended
4,-30,40,133.2,213.3,0,0,Recommended,No
4,-45,40,102.7,174.4,0,0,Recommended,No
4,-60,40,71.25,107.3,0,0,No,No
4,-75,40,33.03,64.33,0,0,No,No
5,0,40,164.9,293.7,0,0,Recommended,Recommended
5,15,40,370.3,437.9,0,0,Recommended,Recommended
5,30,40,162.5,380,0,0,Recommended,Recommended
5,45,40,106.1,203,0,0,No,Recommended
5,60,40,169.9,201.9,0,0,No,Recommended
5,75,40,422.6,538.3,0,0,No,Recommended
5,-15,40,146.1,182.2,0,0,No,Recommended
5,-30,40,76.83,148.6,0,0,No,Recommended
5,-45,40,47.62,96.73,0,0,No,No
5,-60,40,47.27,87.55,0,0,No,No
6,0,40,892.7,892.7,4,3,No,Must
6,15,40,283.5,360,0,0,No,Recommended
6,30,40,595.2,610.2,2,0,Recommended,Recommended
6,45,40,670.4,670.4,3,1,No,Must
6,60,40,1816,1816,4,4,No,Must
6,75,40,209.3,217.6,0,0,No,Recommended
6,-15,40,1608,1608,4,4,Must,Must
6,-30,40,66.86,91.26,0,0,No,Recommended
6,-45,40,587.1,956.5,2,3,No,Must
7,0,40,3904,3904,4,4,Must,Must
7,15,40,6006,6006,4,4,No,Must
7,30,40,218.4,362.1,0,0,No,Recommended
7,45,40,858.3,858.3,4,2,No,Must
7,60,40,1957,1957,4,4,No,Must
7,75,40,2733,2733,4,4,No,Must
7,-15,40,7354,7354,4,4,Must,Must
7,-30,40,47.93,58.97,0,0,No,Recommended
-2,0,40,3648,3730,4,4,Must,No
-2,15,40,4361,4361,4,4,Must,No
-2,30,40,1435,1435,4,4,Must,No
-2,45,40,102.2,175,0,0,Recommended,No
-2,60,40,57.43,114.6,0,0,No,No
-2,75,40,29.51,61.94,0,0,No,No
-2,-15,40,1971,1971,4,4,Must,Must
-2,-30,40,77.22,153.8,0,0,No,No
-2,-45,40,42.33,97.41,0,0,No,Recommended
-2,-60,40,61.24,103.3,0,0,No,Recommended
-2,-75,40,99.42,99.42,0,0,No,Recommended
-3,0,40,3897,3897,4,4,Must,No
-3,15,40,3795,3795,4,4,Must,No
-3,30,40,1866,1866,4,4,Must,No
-3,45,40,449.2,586.8,0,0,Recommended,No
-3,60,40,51.87,95.08,0,0,Recommended,No
-3,75,40,30.95,52.89,0,0,No,No
-3,-15,40,141,251.9,0,0,Recommended,No
-3,-30,40,111.3,168.6,0,0,Recommended,No
-3,-45,40,73.05,128.7,0,0,No,Recommended
-3,-60,40,26.8,54.08,0,0,No,Recommended
-3,-75,40,68.09,68.09,0,0,No,Recommended
-4,0,40,2007,2007,4,4,Must,No
-4,15,40,4862,4862,4,4,Must,No
-4,30,40,1868,1868,4,4,Must,No
-4,45,40,97.1,214.6,0,0,Recommended,No
-4,60,40,50.4,103.4,0,0,Recommended,No
-4,75,40,28.47,62.48,0,0,No,No
-4,-15,40,80.98,154.6,0,0,Recommended,No
-4,-30,40,60.13,125.1,0,0,No,No
-4,-45,40,52.61,85.73,0,0,No,Recommended
-4,-60,40,82.28,97.96,0,0,No,Recommended
-4,-75,40,145.2,145.2,0,0,No,Recommended
-5,0,40,95.53,147.8,0,0,Recommended,No
-5,15,40,1548,1548,4,4,Must,No
-5,30,40,1055,1055,4,4,Must,No
-5,45,40,76.19,147.9,0,0,Recommended,No
-5,60,40,59.44,101.4,0,0,Recommended,No
-5,75,40,31.15,55.13,0,0,No,No
-5,-15,40,25.44,37.05,0,0,No,Recommended
-5,-30,40,27.02,56.39,0,0,No,No
-5,-45,40,29.83,61.29,0,0,No,Recommended
-5,-60,40,34.52,53.84,0,0,No,Recommended
-6,0,40,73.03,99.99,0,0,Recommended,No
-6,15,40,72.16,108.7,0,0,Recommended,No
-6,30,40,76.02,154.7,0,0,Recommended,No
-6,45,40,90.81,159.1,0,0,Recommended,No
-6,60,40,33.29,61.99,0,0,No,No
-6,75,40,28.87,58.59,0,0,No,No
-6,-15,40,65.08,105.1,0,0,Recommended,No
-6,-30,40,14.66,32.75,0,0,No,No
-6,-45,40,21.27,30.28,0,0,No,No
-7,0,40,2317,2565,4,4,Must,No
-7,15,40,48.98,80.66,0,0,Recommended,No
-7,30,40,44.44,69.23,0,0,No,No
-7,45,40,37.79,69.86,0,0,No,No
-7,60,40,38.27,68,0,0,No,No
-7,75,40,34.4,54.24,0,0,No,No
-7,-15,40,16.92,29.67,0,0,No,No
-7,-30,40,7.676,13.74,0,0,No,No
1,0,50,3260,3260,4,4,Must,No
1,15,50,3058,3224,4,4,Must,Must
1,30,50,1118,1118,4,4,Must,Must
1,45,50,2055,2055,4,4,Must,Must
1,60,50,2193,2193,4,4,No,Must
1,75,50,718.1,718.1,4,1,No,Must
1,-15,50,8994,9025,4,4,Must,No
1,-30,50,2675,2675,4,4,Must,No
1,-45,50,2886,3828,4,4,Must,Must
1,-60,50,394.8,547.1,0,0,Recommended,Recommended
1,-75,50,115.3,173.5,0,0,Recommended,No
2,0,50,2784,3115,4,4,Must,Must
2,15,50,2320,2320,4,4,Must,No
2,30,50,1201,1260,4,4,Must,Must
2,45,50,2117,2117,4,4,Must,Must
2,60,50,3624,3624,4,4,No,Must
2,75,50,242.4,417.6,0,0,No,Recommended
2,-15,50,3132,3395,4,4,Must,Must
2,-30,50,9356,9356,4,4,Must,No
2,-45,50,1973,1973,4,4,Must,Must
2,-60,50,458,752.5,0,1,Must,No
2,-75,50,145.1,205.8,0,0,Recommended,No
3,0,50,1377,2356,4,4,Must,Must
3,15,50,6737,6737,4,4,Must,Must
3,30,50,1101,1654,4,4,Must,Must
3,45,50,4463,4463,4,4,Must,Must
3,60,50,3523,3523,4,4,Must,Must
3,75,50,1151,1151,4,4,No,Must
3,-15,50,2727,2956,4,4,Must,Must
3,-30,50,5290,5290,4,4,Must,Must
3,-45,50,1731,3247,4,4,Must,Must
3,-60,50,146.6,263,0,0,Recommended,No
3,-75,50,108.7,172.7,0,0,Recommended,No
4,0,50,4671,4671,4,4,Must,Must
4,15,50,4968,5037,4,4,Must,Must
4,30,50,3206,3206,4,4,Must,Must
4,45,50,2399,2399,4,4,No,Must
4,60,50,4355,4355,4,4,Must,Must
4,75,50,332.1,543.4,0,0,No,Recommended
4,-15,50,9133,11160,4,4,Must,Must
4,-30,50,5209,5447,4,4,Must,Must
4,-45,50,1624,1723,4,4,Must,No
4,-60,50,114.8,197.7,0,0,Recommended,No
4,-75,50,131.8,198.4,0,0,Recommended,No
5,0,50,6611,8672,4,4,Must,Must
5,15,50,9638,14110,4,4,Must,Must
5,30,50,14000,14000,4,4,Must,Must
5,45,50,9458,9458,4,4,Must,Must
5,60,50,6984,6984,4,4,Must,Must
5,75,50,943,1020,4,4,No,Must
5,-15,50,3608,3608,4,4,Must,Must
5,-30,50,1543,2366,4,4,Must,Must
5,-45,50,117.7,203.7,0,0,Recommended,No
5,-60,50,139.4,196.9,0,0,Recommended,No
6,0,50,8799,8799,4,4,Must,Must
6,15,50,5020,5020,4,4,Must,Must
6,30,50,24350,24350,4,4,Must,Must
6,45,50,10920,10920,4,4,Must,Must
6,60,50,6269,6269,4,4,No,Must
6,75,50,8915,8915,4,4,No,Must
6,-15,50,8603,9663,4,4,Must,Must
6,-30,50,2722,2722,4,4,Must,Must
6,-45,50,58.89,118.6,0,0,No,Recommended
7,0,50,10710,10710,4,4,Must,Must
7,15,50,2155,2344,4,4,No,Must
7,30,50,6730,6730,4,4,Must,Must
7,45,50,3950,3950,4,4,No,Must
7,60,50,12570,12570,4,4,No,Must
7,75,50,8771,8771,4,4,No,Must
7,-15,50,8271,8271,4,4,No,Must
7,-30,50,32.21,69.34,0,0,No,Recommended
-2,0,50,4666,4945,4,4,Must,No
-2,15,50,4402,4444,4,4,Must,No
-2,30,50,8706,8706,4,4,Must,No
-2,45,50,2856,3441,4,4,Must,No
-2,60,50,585.6,670.1,2,1,Must,No
-2,75,50,113.2,169.2,0,0,Recommended,No
-2,-15,50,2143,3041,4,4,Must,No
-2,-30,50,284.7,479.6,0,0,Recommended,No
-2,-45,50,1077,1077,4,4,Must,Must
-2,-60,50,4471,4471,4,4,No,Must
-2,-75,50,348.2,560.4,0,0,No,Recommended
-3,0,50,4966,5486,4,4,Must,No
-3,15,50,6383,6383,4,4,Must,No
-3,30,50,8236,8236,4,4,Must,No
-3,45,50,3931,3931,4,4,Must,No
-3,60,50,634.1,634.1,3,0,Recommended,No
-3,75,50,170.9,220.3,0,0,Recommended,No
-3,-15,50,899.7,1849,4,4,Must,No
-3,-30,50,1506,1506,4,4,Must,Must
-3,-45,50,873.7,1045,4,4,Must,Must
-3,-60,50,815.1,815.1,4,2,No,Must
-3,-75,50,171.2,171.2,0,0,No,Recommended
-4,0,50,1637,2469,4,4,Must,No
-4,15,50,13470,18610,4,4,Must,No
-4,30,50,6151,6151,4,4,Must,No
-4,45,50,5822,5822,4,4,Must,No
-4,60,50,1180,1180,4,4,Must,No
-4,75,50,135.7,191.6,0,0,Recommended,No
-4,-15,50,922.2,922.2,4,3,Must,No
-4,-30,50,191.4,373.5,0,0,Recommended,Recommended
-4,-45,50,502.1,643.9,1,0,No,Recommended
-4,-60,50,73.58,145,0,0,No,Recommended
-4,-75,50,492.9,687,0,1,No,Must
-5,0,50,3603,5268,4,4,Must,No
-5,15,50,20080,34950,4,4,Must,No
-5,30,50,2204,2517,4,4,Must,No
-5,45,50,2377,2741,4,4,Must,No
-5,60,50,1202,1490,4,4,Must,No
-5,75,50,878,878,4,2,Must,No
-5,-30,50,115.3,151.7,0,0,Recommended,Recommended
-5,-45,50,62.04,110.5,0,0,No,No
-5,-60,50,64.56,124.4,0,0,No,No
-5,0,50,637.1,1022,3,4,Must,No
-6,15,50,1872,2846,4,4,Must,No
-6,30,50,3489,3489,4,4,Must,No
-6,45,50,4687,7127,4,4,Must,No
-6,60,50,629,629,2,0,Recommended,No
-6,75,50,210,395,0,0,Recommended,No
-6,-15,50,119.8,175.9,0,0,Recommended,Recommended
-6,-30,50,34.25,52.1,0,0,No,No
-6,-45,50,28.76,54.92,0,0,No,No
-7,0,50,108.7,171.6,0,0,Recommended,No
-7,15,50,114.5,174.3,0,0,Recommended,No
-7,30,50,227.8,360.1,0,0,Recommended,No
-7,45,50,256.9,332,0,0,Recommended,No
-7,60,50,184.4,276.9,0,0,Recommended,No
-7,75,50,139.2,206.4,0,0,No,No
-7,-15,50,47.64,66.79,0,0,No,No
-7,-30,50,9.565,19.9,0,0,No,No
1,0,60,10150,10150,4,4,Must,No
1,15,60,3600,5668,4,4,Must,Must
1,30,60,2213,2593,4,4,Must,Must
1,45,60,814.6,1298,4,4,Must,Must
1,60,60,4356,4356,4,4,Must,Must
1,75,60,481.5,515.3,0,0,No,Recommended
1,-15,60,11340,11340,4,4,Must,Must
1,-30,60,4890,4890,4,4,Must,Must
1,-45,60,11150,11640,4,4,Must,Must
1,-60,60,5714,5714,4,4,Must,Must
1,-75,60,552.1,591.6,1,0,Recommended,No
2,0,60,20650,20650,4,4,Must,Must
2,15,60,3398,4078,4,4,Must,No
2,30,60,4447,5631,4,4,Must,Must
2,45,60,1612,2862,4,4,Must,Must
2,60,60,6860,6860,4,4,Must,Must
2,75,60,309.3,573.5,0,0,No,Recommended
2,-15,60,6871,8610,4,4,Must,Must
2,-30,60,5527,5527,4,4,Must,No
2,-45,60,8505,8505,4,4,Must,Must
2,-60,60,2055,2405,4,4,Must,No
2,-75,60,475.8,616.9,0,0,Recommended,No
3,0,60,4575,4575,4,4,Must,No
3,15,60,7427,7427,4,4,Must,Must
3,30,60,19520,19520,4,4,Must,Must
3,45,60,6932,6932,4,4,Must,Must
3,60,60,7674,7674,4,4,Must,Must
3,75,60,3995,3995,4,4,Must,Must
3,-15,60,7813,7813,4,4,Must,Must
3,-30,60,4240,4562,4,4,Must,Must
3,-45,60,15100,15100,4,4,Must,Must
3,-60,60,1846,3377,4,4,Must,No
3,-75,60,181.7,351.5,0,0,Recommended,No
4,0,60,11580,11580,4,4,Must,Must
4,15,60,17770,17770,4,4,Must,Must
4,30,60,14510,14510,4,4,Must,Must
4,45,60,4651,5717,4,4,Must,Must
4,60,60,10720,10720,4,4,Must,Must
4,75,60,810.7,1297,4,4,No,Must
4,-15,60,12950,15580,4,4,Must,Must
4,-30,60,9253,9306,4,4,Must,Must
4,-45,60,16320,16320,4,4,Must,Must
4,-60,60,1391,1499,4,4,Must,No
4,-75,60,181.3,272.6,0,0,Recommended,No
5,0,60,7369,7369,4,4,Must,Must
5,15,60,2365,4560,4,4,Must,Must
5,30,60,13220,13220,4,4,Must,Must
5,45,60,20600,20600,4,4,Must,Must
5,60,60,17290,17290,4,4,Must,Must
5,75,60,5641,5641,4,4,No,Must
5,-15,60,93610,129800,4,4,Must,Must
5,-30,60,2206,2681,4,4,Must,Must
5,-45,60,168.1,343.3,0,0,Recommended,Recommended
5,-60,60,217.9,296,0,0,Recommended,No
6,0,60,14570,14570,4,4,Must,Must
6,15,60,1173,1801,4,4,Must,Must
6,30,60,17080,18800,4,4,Must,Must
6,45,60,18440,18440,4,4,Must,Must
6,60,60,4507,5040,4,4,Must,Must
6,75,60,11050,11050,4,4,No,Must
6,-15,60,3906,3906,4,4,Must,Must
6,-30,60,513.9,513.9,1,0,Recommended,Recommended
6,-45,60,172.8,300.7,0,0,Recommended,Recommended
7,0,60,6412,6412,4,4,Must,Must
7,15,60,6917,6917,4,4,No,Must
7,30,60,714.7,1112,4,4,Must,Must
7,45,60,7076,7076,4,4,Must,Must
7,60,60,13670,13670,4,4,Must,Must
7,75,60,9282,9282,4,4,No,Must
7,-15,60,10780,10780,4,4,Must,Must
7,-30,60,55.08,105.4,0,0,No,Recommended
-2,0,60,13300,13300,4,4,Must,No
-2,15,60,8812,8812,4,4,Must,No
-2,30,60,8108,8108,4,4,Must,No
-2,45,60,7255,7255,4,4,Must,No
-2,60,60,5466,8684,4,4,Must,No
-2,75,60,545.5,814.2,1,2,Must,No
-2,-15,60,3466,3533,4,4,Must,No
-2,-30,60,1514,2153,4,4,Must,Must
-2,-45,60,1885,1885,4,4,Must,Must
-2,-60,60,7103,7103,4,4,Must,Must
-2,-75,60,3680,3680,4,4,No,Must
-3,0,60,4277,4277,4,4,Must,No
-3,15,60,5152,5152,4,4,Must,No
-3,30,60,7639,7639,4,4,Must,No
-3,45,60,13080,13080,4,4,Must,No
-3,60,60,3199,4419,4,4,Must,No
-3,75,60,919.2,960.3,4,3,Must,No
-3,-15,60,3026,4248,4,4,Must,No
-3,-30,60,663.1,989.6,3,3,Must,Must
-3,-45,60,2473,2473,4,4,Must,Must
-3,-60,60,2282,2282,4,4,No,Must
-3,-75,60,4388,4388,4,4,No,Must
-4,0,60,5596,5596,4,4,Must,No
-4,15,60,39410,39410,4,4,Must,No
-4,30,60,9769,9769,4,4,Must,No
-4,45,60,4774,4774,4,4,Must,No
-4,60,60,3966,3997,4,4,Must,No
-4,75,60,1103,1252,4,4,Must,No
-4,-15,60,3228,3929,4,4,Must,No
-4,-30,60,1918,2295,4,4,Must,No
-4,-45,60,673.6,914.4,3,3,Must,Must
-4,-60,60,4235,4235,4,4,No,Must
-4,-75,60,4428,4428,4,4,No,Must
-5,0,60,6985,6985,4,4,Must,No
-5,15,60,11190,11190,4,4,Must,No
-5,30,60,6586,6586,4,4,Must,No
-5,45,60,7083,7083,4,4,Must,No
-5,60,60,5443,7315,4,4,Must,No
-5,75,60,1540,1985,4,4,Must,No
-5,-15,60,693.1,845.7,3,2,Must,No
-5,-30,60,238.4,295.9,0,0,Recommended,No
-5,-45,60,100.5,158.9,0,0,Recommended,No
-5,-60,60,158.4,272.7,0,0,Recommended,No
-6,15,60,7108,7108,4,4,Must,No
-6,30,60,2578,3726,4,4,Must,No
-6,45,60,6590,7864,4,4,Must,No
-6,60,60,508.2,824.5,1,2,Must,No
-6,75,60,713.1,1349,4,4,Must,No
-6,-15,60,97.44,183.9,0,0,Recommended,Recommended
-6,-30,60,72.51,111.1,0,0,Recommended,No
-6,-45,60,59.32,101.7,0,0,Recommended,No
-7,0,60,165.1,204.8,0,0,Recommended,No
-7,15,60,488.7,646.3,0,0,Must,No
-7,30,60,1332,1332,4,4,Recommended,No
-7,45,60,440.3,624.2,0,0,Must,No
-7,60,60,556.2,1068,1,4,Recommended,No
-7,75,60,262.7,421.9,0,0,No,No
-7,-15,60,78.88,109.1,0,0,No,No
-7,-30,60,17.8,33.78,0,0,No,No
1,0,70,16130,16130,4,4,Must,No
1,15,70,12520,12520,4,4,Must,Must
1,30,70,6855,9606,4,4,Must,Must
1,45,70,856.1,1327,4,4,Must,Must
1,60,70,2106,2106,4,4,Must,Must
1,75,70,530.5,829.7,1,2,No,Must
1,-15,70,37520,37520,4,4,Must,Must
1,-30,70,16190,16190,4,4,Must,No
1,-45,70,16730,16730,4,4,Must,Must
1,-60,70,8809,8809,4,4,Must,No
1,-75,70,1187,1338,4,4,Must,No
2,0,70,20590,20590,4,4,Must,No
2,15,70,8941,8941,4,4,Must,No
2,30,70,6142,6142,4,4,Must,Must
2,45,70,2008,2199,4,4,Must,Must
2,60,70,9067,9067,4,4,Must,Must
2,75,70,1174,1466,4,4,Must,Must
2,-15,70,23220,23220,4,4,Must,Must
2,-30,70,9897,9897,4,4,Must,Must
2,-45,70,9718,9718,4,4,Must,Must
2,-60,70,18330,18330,4,4,Must,Must
2,-75,70,796.3,1265,4,4,Must,No
3,0,70,19000,19820,4,4,Must,Must
3,15,70,35660,35660,4,4,Must,Must
3,30,70,12390,12390,4,4,Must,No
3,45,70,15620,15620,4,4,Must,Must
3,60,70,2633,2633,4,4,Must,Must
3,75,70,5384,5384,4,4,Must,Must
3,-15,70,25700,25700,4,4,Must,Must
3,-30,70,9253,9253,4,4,Must,No
3,-45,70,7762,7762,4,4,Must,No
3,-60,70,18660,22540,4,4,Must,No
3,-75,70,1271,1271,4,4,Must,No
4,0,70,15890,15890,4,4,Must,Must
4,15,70,64530,64530,4,4,Must,No
4,30,70,11080,11080,4,4,Must,Must
4,45,70,6365,10200,4,4,Must,Must
4,60,70,6828,6828,4,4,Must,Must
4,75,70,10950,10950,4,4,Must,Must
4,-15,70,15110,15110,4,4,Must,No
4,-30,70,10020,10020,4,4,Must,Must
4,-45,70,17420,17420,4,4,Must,Must
4,-60,70,2234,2441,4,4,Must,No
4,-75,70,740.2,1233,4,4,Must,No
5,0,70,7159,8620,4,4,Must,Must
5,15,70,5765,6650,4,4,Must,Must
5,30,70,8395,9289,4,4,Must,Must
5,45,70,24110,24110,4,4,Must,Must
5,60,70,9927,9927,4,4,Must,Must
5,75,70,11640,11640,4,4,Must,Must
5,-15,70,3709,3709,4,4,Must,No
5,-30,70,20030,25860,4,4,Must,No
5,-45,70,4262,4262,4,4,Must,Must
5,-60,70,1097,1599,4,4,Must,Must
6,0,70,2165,2165,4,4,Must,Must
6,15,70,42250,42250,4,4,Must,Must
6,30,70,32310,32310,4,4,Must,Must
6,45,70,4607,5479,4,4,Must,No
6,60,70,8311,8311,4,4,Must,Must
6,75,70,13500,13500,4,4,No,Must
6,-15,70,6296,9878,4,4,Must,No
6,-30,70,2132,2132,4,4,Must,Must
6,-45,70,1062,1162,4,4,Must,Must
7,0,70,396.5,806.8,0,2,Must,No
7,15,70,576,987.1,2,3,Must,Must
7,30,70,44020,44020,4,4,Must,Must
7,45,70,3875,4770,4,4,Must,No
7,60,70,13900,13900,4,4,Must,Must
7,75,70,19580,19580,4,4,Must,Must
7,-15,70,139.1,212.2,0,0,No,No
7,-30,70,694.4,694.4,3,1,No,Must
-2,0,70,12510,12510,4,4,Must,No
-2,15,70,17950,17950,4,4,Must,No
-2,30,70,23390,23390,4,4,Must,No
-2,45,70,8911,9445,4,4,Must,No
-2,60,70,8476,9855,4,4,Must,No
-2,75,70,1952,2284,4,4,Must,No
-2,-15,70,10760,10760,4,4,Must,No
-2,-30,70,3923,5789,4,4,Must,Must
-2,-45,70,6931,6931,4,4,Must,Must
-2,-60,70,3183,3183,4,4,Must,Must
-2,-75,70,9100,9100,4,4,Must,Must
-3,15,70,47660,47660,4,4,Must,No
-3,30,70,38460,38460,4,4,Must,No
-3,45,70,7310,7310,4,4,Must,No
-3,60,70,4841,5056,4,4,Must,No
-3,75,70,1632,1767,4,4,Must,No
-3,-15,70,11440,11440,4,4,Must,No
-3,-30,70,1497,2435,4,4,Must,Must
-3,-45,70,3947,3947,4,4,Must,Must
-3,-60,70,7244,7244,4,4,Must,Must
-3,-75,70,13320,13320,4,4,Must,Must
-4,15,70,36640,36640,4,4,Must,No
-4,30,70,6071,7825,4,4,Must,No
-4,45,70,26700,26700,4,4,Must,No
-4,60,70,4370,6135,4,4,Must,No
-4,75,70,183.6,276.8,0,0,Recommended,No
-4,-15,70,4928,5868,4,4,Must,No
-4,-30,70,2284,3161,4,4,Must,Must
-4,-45,70,5634,5634,4,4,Must,Must
-4,-60,70,8958,8958,4,4,Must,Must
-4,-75,70,11770,11770,4,4,No,Must
-5,0,70,24290,24290,4,4,Must,No
-5,15,70,4669,5224,4,4,Must,No
-5,30,70,3502,3502,4,4,Must,No
-5,45,70,6793,7109,4,4,Must,No
-5,60,70,3228,4410,4,4,Must,No
-5,75,70,15730,15730,4,4,Must,No
-5,-15,70,1390,1898,4,4,Must,No
-5,-30,70,825.2,825.2,4,2,Must,No
-5,-45,70,155.7,311.6,0,0,Recommended,Recommended
-5,-60,70,402.5,559.4,0,0,Recommended,Recommended
-6,0,70,1873,1873,4,4,Must,No
-6,15,70,10580,10580,4,4,Must,No
-6,30,70,2703,2703,4,4,Must,No
-6,45,70,1270,2097,4,4,Must,No
-6,60,70,1075,1465,4,4,Must,No
-6,75,70,1127,1439,4,4,Must,No
-6,-15,70,195.2,354.7,0,0,Recommended,No
-6,-30,70,118.3,177.3,0,0,Recommended,No
-6,-45,70,102,192.7,0,0,Recommended,No
-7,0,70,73.57,93.67,0,0,No,No
-7,15,70,835.3,1286,4,4,Must,No
-7,30,70,2474,2573,4,4,Must,No
-7,45,70,451.2,729.4,0,1,Must,No
-7,60,70,1266,2430,4,4,Must,No
-7,75,70,498.3,893.6,0,3,No,No
-7,-15,70,66.4,77.76,0,0,No,No
-7,-30,70,29.8,54.2,0,0,No,No
